Timestamp (EST),baseline.out.electricity.bath_fan.energy_consumption.kwh,baseline.out.electricity.ceiling_fan.energy_consumption.kwh,baseline.out.electricity.clothes_dryer.energy_consumption.kwh,baseline.out.electricity.clothes_washer.energy_consumption.kwh,baseline.out.electricity.cooking_range.energy_consumption.kwh,baseline.out.electricity.cooling.energy_consumption.kwh,baseline.out.electricity.dishwasher.energy_consumption.kwh,baseline.out.electricity.ext_holiday-light.energy_consumption.kwh,baseline.out.electricity.exterior_lighting.energy_consumption.kwh,baseline.out.electricity.extra_refrigerator.energy_consumption.kwh,baseline.out.electricity.fans_cooling.energy_consumption.kwh,baseline.out.electricity.fans_heating.energy_consumption.kwh,baseline.out.electricity.freezer.energy_consumption.kwh,baseline.out.electricity.garage_lighting.energy_consumption.kwh,baseline.out.electricity.heating.energy_consumption.kwh,baseline.out.electricity.heating_supplement.energy_consumption.kwh,baseline.out.electricity.hot_tub-heater.energy_consumption.kwh,baseline.out.electricity.hot_tub-pump.energy_consumption.kwh,baseline.out.electricity.house_fan.energy_consumption.kwh,baseline.out.electricity.interior_lighting.energy_consumption.kwh,baseline.out.electricity.plug_loads.energy_consumption.kwh,baseline.out.electricity.pool_heater.energy_consumption.kwh,baseline.out.electricity.pool_pump.energy_consumption.kwh,baseline.out.electricity.pumps_cooling.energy_consumption.kwh,baseline.out.electricity.pumps_heating.energy_consumption.kwh,baseline.out.electricity.pv.energy_consumption.kwh,baseline.out.electricity.range_fan.energy_consumption.kwh,baseline.out.electricity.recirc_pump.energy_consumption.kwh,baseline.out.electricity.refrigerator.energy_consumption.kwh,baseline.out.electricity.vehicle.energy_consumption.kwh,baseline.out.electricity.water_systems.energy_consumption.kwh,baseline.out.electricity.well_pump.energy_consumption.kwh,baseline.out.fuel-oil.heating.energy_consumption.kwh,baseline.out.fuel-oil.water_systems.energy_consumption.kwh,baseline.out.natural-gas.clothes_dryer.energy_consumption.kwh,baseline.out.natural-gas.cooking_range.energy_consumption.kwh,baseline.out.natural-gas.fireplace.energy_consumption.kwh,baseline.out.natural-gas.grill.energy_consumption.kwh,baseline.out.natural-gas.heating.energy_consumption.kwh,baseline.out.natural-gas.hot_tub-heater.energy_consumption.kwh,baseline.out.natural-gas.lighting.energy_consumption.kwh,baseline.out.natural-gas.pool_heater.energy_consumption.kwh,baseline.out.natural-gas.water_systems.energy_consumption.kwh,baseline.out.propane.clothes_dryer.energy_consumption.kwh,baseline.out.propane.cooking_range.energy_consumption.kwh,baseline.out.propane.heating.energy_consumption.kwh,baseline.out.propane.water_systems.energy_consumption.kwh,baseline.out.wood.heating.energy_consumption.kwh
12:15 AM,1002970.711,2755385.332,7160580.955,245911.302,1698504.612,74816225.28,405619.8979,0,6101024.263,7491275.934,14348948.63,25994994.39,5095997.916,543881.5597,99321084.32,4471663.749,1923771.427,2506822.366,0,19227212.71,145737914.3,10941.16777,994849.6347,318279.0329,451288.3124,0,151277.4199,0,38472882.71,0,33318007.18,2407133.257,471400805,27378846.27,4119515.224,2359560.323,2827772.068,81915.04106,1182495017,1395460.883,306935.595,400230.2486,143247250.3,227587.3686,328705.7791,72651585.01,7504808.576,0
12:30 AM,1035310.632,2739565.808,5999710.182,198102.3807,1488845.737,71661050.63,325232.3774,0,6101024.263,7491275.934,13784723.96,26367158.17,5095997.916,543881.5597,100936316.6,4544499.618,1923771.427,2506822.366,0,19083182.53,145563574.7,10941.16777,994849.6347,315580.8704,458570.6292,0,107783.3909,0,38472882.71,0,29712282.08,2407133.257,478831761.3,25066303.51,3480097.505,2073837.191,2827772.068,81915.04106,1200305909,1395460.883,306935.595,400230.2486,131143544.8,183826.1528,288957.5501,73815500.83,6842876.523,0
12:45 AM,1035310.632,2712496.511,4965366.415,161997.2174,1328176.156,69363923.89,268005.7778,0,6101024.263,7491275.934,13369950.4,26682390.83,5095997.916,543881.5597,102139786.2,4651186.968,1923771.427,2506822.366,0,18833586.77,145233329.3,10941.16777,994849.6347,313763.4668,462535.9483,0,107783.3909,0,38472882.71,0,26072210.69,2407133.257,484089912.6,23178768.55,2901312.375,1848356.523,2827772.068,81915.04106,1212671399,1395460.883,306935.595,400230.2486,120890409.9,149712.8311,258155.5791,74729154.91,6259653.427,0
1:00 AM,1035310.632,2702875.916,4137462.096,133197.8409,1186083.292,66951171.51,234542.1318,0,6101024.263,7491275.934,12941471.92,27045905.21,5095997.916,543881.5597,103606926.8,4784638.34,1923771.427,2506822.366,0,18744688,145121059.5,10941.16777,994849.6347,310837.3385,468603.17,0,107783.3909,0,38472882.71,0,23022711.8,2407133.257,490788141.3,21688096.28,2420000.162,1635496.945,2827772.068,81915.04106,1228521601,1395460.883,306935.595,400230.2486,113547545,117114.2016,233408.5918,75821845.79,5880812.155,0
1:15 AM,1035310.632,2663386.727,3422829.483,105680.5863,1084288.226,65931618.05,209540.5667,0,5906427.893,7300666.766,12822351.61,27014538.89,4966333.874,526534.0828,103522254.3,4822130.989,1796043.741,2340383.352,0,17765740.29,144377705.4,10941.16777,994849.6347,304277.5125,472545.5494,0,107783.3909,0,37493967.58,0,20495233.56,1592469.033,489185511.8,20460030.56,2019934.651,1476973.523,1870747.886,38547.45305,1226459918,1302810.069,203057.0716,400230.2486,107634511.7,95340.8066,215854.3554,74838458.01,5612406.041,0
1:30 AM,1030129.96,2655510.328,2836038.964,87377.28144,996867.832,63427889.34,189446.7325,0,5906427.893,7300666.766,12366341.07,27276484.04,4966333.874,526534.0828,104264947.4,4862832.786,1796043.741,2340383.352,0,17746478.01,144321955.7,10941.16777,994849.6347,304699.501,472765.2612,0,82224.20141,0,37493967.58,0,18299147.95,1592469.033,494167829.1,19347680.33,1668215.479,1350850.385,1870747.886,38547.45305,1237888256,1302810.069,203057.0716,400230.2486,102117966.9,82545.17287,201237.2346,75722939.06,5297935.557,0
1:45 AM,1030129.96,2645534.261,2333705.314,78157.75067,926305.7864,61594234.73,175670.5254,0,5906427.893,7300666.766,12050000.51,27566961.27,4966333.874,526534.0828,105548362.1,4933938.446,1796043.741,2340383.352,0,17718813.44,144238417.7,10941.16777,994849.6347,302904.4847,477966.3105,0,82224.20141,0,37493967.58,0,16398966.33,1592469.033,499964998.8,18634665.1,1370487.437,1266122.097,1870747.886,38547.45305,1250686609,1302810.069,203057.0716,400230.2486,98006911.35,73079.18371,187052.5923,76577198.27,5089676.233,0
2:00 AM,1030129.96,2641595.868,1936151.286,71189.04477,905846.7043,59736394.59,158552.9047,0,5906427.893,7300666.766,11718892.54,27842455.51,4966333.874,526534.0828,106615970.7,5036860.701,1796043.741,2340383.352,0,17708668.06,144207987.2,10941.16777,994849.6347,301064.0017,482557.7294,0,82224.20141,0,37493967.58,0,14754568.26,1592469.033,504973966.3,18086309.65,1117041.892,1235800.469,1870747.886,38547.45305,1262426711,1302810.069,203057.0716,400230.2486,95586499,70178.16081,180907.6024,77407987.76,4922898.765,0
2:15 AM,1030129.96,2630452.501,1623976.916,66648.35884,927497.135,59471198.12,138008.7877,0,5811660.163,7110057.597,11780955.86,28298467.3,4836669.832,518085.9242,108500734.5,5393313.335,1923771.427,2506822.366,0,17541528.25,143905797.2,13193.20175,1199620.755,292519.422,506218.9361,0,82224.20141,0,36515052.45,0,13587834.51,1282197.806,511566081.3,17757421.82,948829.2436,1258979.05,1506257.758,62639.04343,1283860720,1395460.883,163494.1254,482610.1317,93499290.01,63094.92013,183840.3315,77906788.34,4861971.054,0
2:30 AM,1002758.217,2626242.875,1405968.554,61451.25095,1004815.947,57193013.4,121947.0028,0,5811660.163,7110057.597,11328930.72,28552100.83,4836669.832,518085.9242,108744552.6,5413585.509,1923771.427,2506822.366,0,17541528.25,143883301.6,13193.20175,1199620.755,292911.3129,495367.5911,0,127983.0147,0,36515052.45,0,12599499.13,1282197.806,514856248.8,17496886.81,804892.8427,1360495.621,1506257.758,62639.04343,1291526982,1395460.883,163494.1254,482610.1317,91917175.03,50006.35651,198445.7914,78856493.25,4787865.062,0
2:45 AM,1002758.217,2623621.234,1225707.395,67000.04939,1184441.691,55736302.57,113252.6343,0,5811660.163,7110057.597,11081003.05,28821370.1,4836669.832,518085.9242,110109633.7,5508456.204,1923771.427,2506822.366,0,17541528.25,143835696.1,13193.20175,1199620.755,290864.5909,499273.9328,0,127983.0147,0,36515052.45,0,11956828.55,1282197.806,521104816.3,17521109.03,700041.8722,1634004.431,1506257.758,62639.04343,1304841113,1395460.883,163494.1254,482610.1317,92344461.95,42619.57539,234570.4907,79624599.07,4818707.591,0
3:00 AM,1002758.217,2622153.724,1106723.739,82863.70126,1613954.14,54340459.66,107416.0928,0,5811660.163,7110057.597,10824439.06,29025896.76,4836669.832,518085.9242,110811132.1,5579778.332,1923771.427,2506822.366,0,17541528.25,143817973.9,13193.20175,1199620.755,289695.364,500863.9914,0,127983.0147,0,36515052.45,0,11916650.85,1282197.806,524205381.4,18113561.55,631243.459,2233156.335,1506257.758,62639.04343,1312334084,1395460.883,163494.1254,482610.1317,95313681.78,35719.17369,317803.7624,80267218.38,4947333.111,0
3:15 AM,1002758.217,2624716.385,1088753.623,105329.4041,2189875.242,52746950.47,109363.7281,0,5462491.517,6919448.429,10602524.48,29586976.66,4707005.79,486958.9561,113902521.6,5975551.324,2896947.125,3774945.269,0,17573918.08,143693566.4,23596.35962,2145550.663,280416.6964,527705.1373,0,127983.0147,0,35536137.31,0,12282694.09,1211414.732,534867753.6,18557701.61,623310.0651,2994002.739,1423105.568,197552.858,1337556160,2101380.827,154468.5157,863159.8637,97134442.6,39952.32978,437870.889,81324959.43,5037489.046,0
3:30 AM,999823.2599,2623537.692,1150213.05,124447.3009,2663180.368,51308652.15,110558.1078,0,5462491.517,6919448.429,10279425.73,29759441.14,4707005.79,486958.9561,113728797.3,5969895.653,2896947.125,3774945.269,0,17574283.35,143673915.3,23596.35962,2145550.663,280929.8502,514407.2572,0,198046.0328,0,35536137.31,0,12690449.88,1211414.732,536679176.7,19025844.21,659487.8737,3686801.019,1423105.568,197552.858,1340820013,2101380.827,154468.5157,863159.8637,99041024.57,45281.42747,534277.7692,81966443.64,5160106.818,0
3:45 AM,999823.2599,2627929.791,1278120.627,143928.3443,3229136.933,50206680.96,117759.2563,0,5462491.517,6919448.429,10101463.52,29976649.68,4707005.79,486958.9561,114951304.7,6036327.775,2896947.125,3774945.269,0,17578750.2,143635601.2,23596.35962,2145550.663,279076.1056,516804.693,0,198046.0328,0,35536137.31,0,13394196.69,1211414.732,542002371.3,20096982.11,721817.6501,4479014.589,1423105.568,197552.858,1352130512,2101380.827,154468.5157,863159.8637,104468453.2,52465.04592,637381.4225,82623279.89,5503144.667,0
4:00 AM,999823.2599,2628715.075,1480758.16,170136.4348,4023072.546,49410445.54,129946.1979,0,5462491.517,6919448.429,9950466.922,30113643.22,4707005.79,486958.9561,115308083.2,6073631.4,2896947.125,3774945.269,0,17579749.45,143623966.2,23596.35962,2145550.663,278362.6754,517253.2726,0,198046.0328,0,35536137.31,0,14664183.58,1211414.732,543907159.3,21544069.18,826764.2068,5495283.878,1423105.568,197552.858,1356870612,2101380.827,154468.5157,863159.8637,112006214,61567.80207,795276.7773,83065445.26,5857018.37,0
4:15 AM,999823.2599,2679624.375,1721112.205,203683.1287,4958165.232,48243168.08,142683.659,0,5552198.337,6861930.066,9789400.437,30864227.85,4667905.511,494955.9551,118334823.6,6401257.646,4256011.307,5545910.593,0,19702746.2,143978401.3,44940.68526,4086330.204,270473.4973,547197.8037,0,198046.0328,0,35240944.8,0,16405381.68,1336880.169,559792895.3,23242440.92,979470.2721,6809099.475,1570495.687,390290.1233,1394162020,3087215.671,170466.7196,1643939.844,120079509.3,72306.52495,973647.7216,85219745.01,6285665.111,0
4:30 AM,1018582.648,2681885.551,2038780.056,253095.5665,6163079.822,47731550.99,164273.4243,0,5552198.337,6861930.066,9653440.684,30920060.44,4667905.511,494955.9551,117821274.8,6295259.189,4256011.307,5545910.593,0,19761489.44,143974012.4,44940.68526,4086330.204,271756.14,532752.0102,-1826.987413,455168.9729,0,35240944.8,0,18740214.02,1336880.169,559185693.2,25741282.6,1162117.836,8497063.233,1570495.687,390290.1233,1390233466,3087215.671,170466.7196,1643939.844,132422736.4,79179.6954,1221135.979,85279084.95,6951105.467,0
4:45 AM,1018582.648,2715652.24,2423960.592,324802.5443,7714450.997,47620861.88,199125.3198,0,5552198.337,6861930.066,9660309.421,31019926.71,4667905.511,494955.9551,118597615.8,6349508.281,4256011.307,5545910.593,0,20599726.41,143915695.5,44940.68526,4086330.204,272063.8598,533046.2964,-48230.70425,455168.9729,0,35240944.8,0,21695717.75,1336880.169,562584835.1,28700334.41,1399800.285,10642548.52,1570495.687,390290.1233,1397865464,3087215.671,170466.7196,1643939.844,147869801.4,89867.90485,1529763.725,85745548.34,7713802.327,0
5:00 AM,1018582.648,2719674.332,2999510.179,411701.7538,9790497.45,48256357.03,257496.3092,0,5552198.337,6861930.066,9764820.925,31001918.64,4667905.511,494955.9551,118421466,6345721.134,4256011.307,5545910.593,0,20685547.17,143921403.2,44940.68526,4086330.204,273090.2105,531539.5494,-152621.1496,455168.9729,0,35240944.8,0,25531514.83,1336880.169,561666620.4,32531780.34,1735315.007,13520953.65,1570495.687,390290.1233,1395670608,3087215.671,170466.7196,1643939.844,166514313.7,106031.5858,1921944.683,85696058.33,8647674.239,0
5:15 AM,1018582.648,2949499.493,3728409.737,507674.4478,12319621.06,49905040.91,332767.1874,0,6410168.815,7128111.678,10144425.46,31537103.56,4849033.036,571440.5422,120766078.7,6510435.119,4223754.21,5503877.11,0,34869229.25,147044980.3,79478.21266,7226730.502,272607.215,556475.163,-279458.8834,455168.9729,0,36608390.03,0,30082780.03,1779401.565,572366869.7,36850471.77,2196019.579,16864116.38,2090346.277,872126.4731,1421856356,3063817.092,226892.9966,2907329.957,187085357.7,123841.0246,2394480.226,87937838.41,9720138.596,0
5:30 AM,928322.7304,2951402.726,4632264.765,622531.1458,14852680.83,51270532.23,432641.0092,0,6410168.815,7128111.678,10346946.71,31423084.72,4849033.036,571440.5422,119510606.6,6421716.11,4223754.21,5503877.11,0,34893385.62,147078141.1,79478.21266,7226730.502,277340.6896,537983.8108,-410938.8866,812886.8386,0,36608390.03,0,34782569.09,1779401.565,568572555,41001658.14,2742482.534,20395473.97,2090346.277,872126.4731,1412023187,3063817.092,226892.9966,2907329.957,207068446.4,162633.1787,2933880.575,87426676.34,10859224.95,0
5:45 AM,928322.7304,3048349.66,5780245.064,759370.1006,17593473.52,53121999.57,562167.2712,0,6410168.815,7128111.678,10677371.89,31367124.16,4849033.036,571440.5422,119754984.4,6421249.814,4223754.21,5503877.11,0,38866913.64,148032049.5,79478.21266,7226730.502,279972.4413,536534.7,-653399.2771,812886.8386,0,36608390.03,0,39539699.69,1779401.565,568997258.8,44782600.09,3382148.899,24270894.62,2090346.277,872126.4731,1412284065,3063817.092,226892.9966,2907329.957,228119095.9,203202.9207,3470419.29,87586692.78,11934190.17,0
6:00 AM,928322.7304,3043830.573,7187239.839,912963.5857,20456984.54,55275077.77,724434.5754,0,6410168.815,7128111.678,11037655.74,31216781.89,4849033.036,571440.5422,119030955.9,6421797.818,4223754.21,5503877.11,0,38477056.8,148031864.8,79478.21266,7226730.502,282961.3247,532501.314,-967426.3188,812886.8386,0,36608390.03,0,44198808.18,1779401.565,565542156,48602463.66,4123133.762,28268909.3,2090346.277,872126.4731,1404416522,3063817.092,226892.9966,2907329.957,247360799.3,249796.1261,4058186.819,87097479.25,12896004.11,0
6:15 AM,928322.7304,3407632.707,8805468.671,1084217.405,23010397.61,58433450.28,904623.5165,0,7243297.93,7509330.015,11605735.51,31531222.3,5108361.12,645710.6226,120628054.8,6587888.344,2420998.908,3154748.077,0,58882159.17,157345956.1,135360.0657,12307910.34,279088.8414,554744.2478,-1358209.016,812886.8386,0,38566220.29,0,48355621.64,2352046.388,571675971.2,51548728.12,5092446.023,31724392.55,2763058.946,1527433.175,1417172226,1756138.607,299911.4218,4951500.05,261305319.5,292250.3239,4580573.449,87883100.15,13728706.96,0
6:30 AM,583253.694,3383818.504,10586147.65,1238142.132,24999957.45,61305634.76,1118755.697,0,7243297.93,7509330.015,12059541.5,31240115.22,5108361.12,645710.6226,119047871.6,6445524.302,2420998.908,3154748.077,0,57451559.65,156989372,135360.0657,12307910.34,285534.1824,534038.1933,-1809675.568,985738.7353,0,38566220.29,0,51842557.78,2352046.388,564508863.8,53793204.44,6169546.714,34471286.09,2763058.946,1527433.175,1401512569,1756138.607,299911.4218,4951500.05,273365209.5,364470.4216,4959167.332,86765899.01,14412825.65,0
6:45 AM,583253.694,3468793,12594695.54,1385445.653,26372122.87,64168711.5,1333604.201,0,7243297.93,7509330.015,12545813.74,31014585.43,5108361.12,645710.6226,118485370.9,6387726.072,2420998.908,3154748.077,0,60711516.53,158488793.4,135360.0657,12307910.34,288318.7518,530746.9621,-2336705.041,985738.7353,0,38566220.29,0,54444235.02,2352046.388,561759865.3,55025012.02,7289898.758,36452263.98,2763058.946,1527433.175,1394694048,1756138.607,299911.4218,4951500.05,281162665.5,431714.3371,5230949.503,86359026.44,14777609.33,0
7:00 AM,583253.694,3431541.443,14684063.59,1555473.944,27283210.98,67214640.03,1547356.446,0,7243297.93,7509330.015,13030476.57,30725158.28,5108361.12,645710.6226,117237091.5,6311311.09,2420998.908,3154748.077,0,58628143.98,157901739.3,135360.0657,12307910.34,291308.8704,525333.6048,-2945645.831,985738.7353,0,38566220.29,0,56399970.45,2352046.388,555852262.6,55865536.27,8535147.912,37785690.56,2763058.946,1527433.175,1382030619,1756138.607,299911.4218,4951500.05,284531020.7,484938.6758,5390931.271,85467486.61,14925503.92,0
7:15 AM,583253.694,3308738.398,16907056.16,1724712.584,27605881.98,70419965.77,1761165.024,0,6270779.269,7757457.546,13641079.18,30895716.24,5277125.441,559014.5297,118226964.4,6348827.472,1684444.605,2194961.08,0,71148214.71,165859742.2,250551.8199,22781972.81,290196.2566,548013.0655,-3639512.989,985738.7353,0,39840327.94,0,57845744.11,2559737.622,559227655.8,56219353.4,9779857.32,38160363.06,3007043.556,1724999.66,1391466553,1221858.544,326394.3065,9165238.969,286454262.1,546078.8926,5412367.055,85976722.06,15168462.68,0
7:30 AM,317128.8266,3280213.004,19013439.89,1861043.843,27353828.35,74102911.66,1963038.012,0,6270779.269,7757457.546,14181942.54,30454206.19,5277125.441,559014.5297,116018659.4,6089177.937,1684444.605,2194961.08,0,69134399.76,165041699.2,250551.8199,22781972.81,296000.3547,526571.9406,-4403240.493,1053268.174,0,39840327.94,0,58706859.5,2559737.622,548555359.7,55973033.24,10969970.07,37774466.94,3007043.556,1724999.66,1369902400,1221858.544,326394.3065,9165238.969,285716179.7,624936.7106,5345633.436,84476595.78,15225400.27,0
7:45 AM,317128.8266,3305022.278,21184895.68,1998620.034,26628827.48,77835656.9,2130811.078,0,6270779.269,7757457.546,14797864.35,30014266.46,5277125.441,559014.5297,114523770.6,5948487.063,1684444.605,2194961.08,0,70241857.59,165698736.5,250551.8199,22781972.81,298688.9988,521159.7933,-5297683.489,1053268.174,0,39840327.94,0,59151510.77,2559737.622,541055247,55552085.97,12245089.28,36866194.16,3007043.556,1724999.66,1354679804,1221858.544,326394.3065,9165238.969,284283286.3,709249.1094,5178787.032,83331849.41,15015640.21,0
8:00 AM,317128.8266,3270547.36,23383639.08,2128712.488,25614986.07,81970250.57,2255765.326,0,6270779.269,7757457.546,15447366.52,29505474.57,5277125.441,559014.5297,112506496.5,5770501.893,1684444.605,2194961.08,0,67978499.82,164733956.2,250551.8199,22781972.81,301870.0967,512803.1496,-6244126.501,1053268.174,0,39840327.94,0,59277281.91,2559737.622,530602993,54961915.37,13501293.53,35509641.07,3007043.556,1724999.66,1333320524,1221858.544,326394.3065,9165238.969,282076155.9,794567.7748,5030035.133,81798370.24,14949863.75,0
8:15 AM,317128.8266,2782966.795,25459262.83,2249828.077,24452634.99,85953844.35,2323094.448,0,4385083.307,7814975.909,16115665.84,29405628.06,5316225.721,390912.3854,112403276.8,5724157.029,1445117.782,1883099.794,0,73944229.25,168218355.3,389677.9549,35432321.24,299089.0459,530052.507,-7210533.872,1053268.174,0,40135520.46,0,59281384.75,2511839.992,528656588.4,54864832.85,14576554.66,33973475.89,2950775.969,1623813.163,1332448952,1048256.205,320286.8392,14254502.63,279805552.4,866587.8242,4806762.411,82618678.65,14849127.37,0
8:30 AM,241491.0248,2775443.589,27323851.08,2339112.541,23295594.36,91061913.71,2363828.911,0,4385083.307,7814975.909,16874064.72,28701176.46,5316225.721,390912.3854,109038733.1,5401741.406,1445117.782,1883099.794,0,72475076.34,167571090.1,389677.9549,35432321.24,304664.3425,504446.8096,-8198910.392,981043.8938,0,40135520.46,0,59173676.46,2511839.992,514318692.1,54638368.51,15639225.08,32307954.82,2950775.969,1623813.163,1299460435,1048256.205,320286.8392,14254502.63,277808120.9,932696.8413,4586237.67,80552638.78,14696547.66,0
8:45 AM,241491.0248,2779821.021,29165427.82,2406248.446,22091327.21,96409799.67,2386629.285,0,4385083.307,7814975.909,17716780.39,28018410.47,5316225.721,390912.3854,106763712.2,5145410.937,1445117.782,1883099.794,0,72480260.64,167701307.3,389677.9549,35432321.24,307878.0017,496093.3755,-9097670.504,981043.8938,0,40135520.46,0,59081733.94,2511839.992,502245802.2,54049138.1,16779917.18,30621840.1,2950775.969,1623813.163,1273718270,1048256.205,320286.8392,14254502.63,276642786.3,982426.5263,4352772.196,78581066.96,14615482.31,0
9:00 AM,241491.0248,2772242.425,30840226.32,2431326.952,20721265.94,102290128.1,2386087.232,0,4385083.307,7814975.909,18620106.68,27310866.91,5316225.721,390912.3854,104027029.5,4903851.355,1445117.782,1883099.794,0,70944480.51,167020744.7,389677.9549,35432321.24,312334.7141,485560.6605,-9991589.368,981043.8938,0,40135520.46,0,59057404.13,2511839.992,488688649.4,54205834.3,17706979.54,28749988.03,2950775.969,1623813.163,1244035262,1048256.205,320286.8392,14254502.63,275903849.4,1057049.38,4051637.24,76370406.48,14739385.54,0
9:15 AM,241491.0248,2599615.209,32090962.82,2427737.427,19391551.06,106690679.9,2334219.095,0,3766331.015,7681885.103,19353552.72,27094996.18,5225661.958,335753.129,103464155.1,4848969.665,1142057.187,1488188.493,0,73431272.8,168579663.6,454805.9705,41354228.66,307366.2217,501778.4355,-10885425.23,981043.8938,0,39451797.85,0,59202769.07,2530067.446,485557200.4,54109311.65,18397774.47,26839043.15,2972188.612,1652720.346,1239133688,828422.8098,322611.0373,16636899.33,275992233.8,1090214.33,3787026.855,76723007.69,14587068.48,0
9:30 AM,245268.6922,2598844.713,33044341.48,2435805.09,18315410.9,112424542.1,2248304.413,0,3766331.015,7681885.103,20195098.31,26332365.5,5225661.958,335753.129,100157431.4,4553294.62,1142057.187,1488188.493,0,72377568.74,168115946.1,454805.9705,41354228.66,313327.6173,475267.3529,-11761979.57,1073326.135,0,39451797.85,0,59592833.45,2530067.446,470128065.6,54379192.01,18952084.02,25358533.31,2972188.612,1652720.346,1203526454,828422.8098,322611.0373,16636899.33,276660165.6,1105647.499,3554200.34,74591779.17,14609673.75,0
9:45 AM,245268.6922,2599311.848,33804162.36,2427249.832,17511437.17,118109759,2139544.66,0,3766331.015,7681885.103,21090228.27,25627932.91,5225661.958,335753.129,97797726.33,4309003.914,1142057.187,1488188.493,0,71570892.75,167834076.2,454805.9705,41354228.66,317088.5994,466326.7449,-12397514.32,1073326.135,0,39451797.85,0,59916051.64,2530067.446,457426530.4,54328991.92,19371993.94,24162903.87,2972188.612,1652720.346,1175801126,828422.8098,322611.0373,16636899.33,276488664.8,1096093.807,3397774.6,72447752.86,14746006.51,0
10:00 AM,245268.6922,2598157.856,34131897.11,2393062.11,16822475.01,124001645.4,2032985.785,0,3766331.015,7681885.103,21990148.5,24936663.13,5225661.958,335753.129,95137142.49,4091057.412,1142057.187,1488188.493,0,70675828.05,167411063.1,454805.9705,41354228.66,320925.9155,455583.1676,-12992567.98,1073326.135,0,39451797.85,0,60217659.48,2530067.446,444340129.2,54090342.12,19575356.82,23174310.27,2972188.612,1652720.346,1146273174,828422.8098,322611.0373,16636899.33,275532826.8,1112890.87,3256621.191,70303299.51,14641260.55,0
10:15 AM,245268.6922,2648980.835,34347996.45,2375527.204,16384977.16,127811256.6,1926290.53,0,3925964.201,7624366.74,22621342.39,24866924.59,5186561.679,349983.7799,95716239.07,4060563.635,1004912.513,1309478.418,0,69282357.16,169092620,449663.8983,40886674.48,320172.4747,470248.8867,-13560750.18,1073326.135,0,39156605.33,0,60406201.72,2559737.622,443373721.5,53882700.32,19625448.01,22651896.75,3007043.556,1744271.115,1147777399,728941.1224,326394.3065,16448801.23,274985063.4,1115156.548,3191253.11,70749921.26,14568353.76,0
10:30 AM,251253.9341,2647578.68,34332332.53,2329594.485,16344381.62,133312564.9,1839362.106,0,3925964.201,7624366.74,23412980.31,24203550.8,5186561.679,349983.7799,92701824.25,3792092.143,1004912.513,1309478.418,0,68788031.17,168826262,449663.8983,40886674.48,326215.9764,445751.0548,-14081129.75,1189827.22,0,39156605.33,0,60392690.95,2559737.622,430134414.5,53756755.08,19656286.1,22715946.02,3007043.556,1744271.115,1116007525,728941.1224,326394.3065,16448801.23,273610332.9,1101682.622,3189436.199,68961948.71,14495382.15,0
10:45 AM,251253.9341,2645981.86,34123976.55,2275674.756,16796613.94,138589029.3,1770582.744,0,3925964.201,7624366.74,24244366.07,23602574.95,5186561.679,349983.7799,90677582.6,3608013.1,1004912.513,1309478.418,0,67857522.32,168383378.5,449663.8983,40886674.48,329501.4771,437596.7351,-14426902.23,1189827.22,0,39156605.33,0,60147173.77,2559737.622,419349525,52846372.21,19563128.3,23292831.74,3007043.556,1744271.115,1092036815,728941.1224,326394.3065,16448801.23,270181155.4,1100652.088,3275337.938,67083573.1,14349919.03,0
11:00 AM,251253.9341,2645085.382,33585591.28,2206005.872,17491421.4,144067935.1,1691275.959,0,3925964.201,7624366.74,25075419.83,22999863.81,5186561.679,349983.7799,88323056.64,3434878.568,1004912.513,1309478.418,0,67446151.5,168185715.6,449663.8983,40886674.48,333195.6665,427550.0112,-14715456.52,1189827.22,0,39156605.33,0,59523758.06,2559737.622,407845368.2,52179295.55,19321684.49,24263312.18,3007043.556,1744271.115,1065754530,728941.1224,326394.3065,16448801.23,265981865.5,1090562.159,3433179.931,65259441.38,14091533.2,0
11:15 AM,251253.9341,2636782.218,32962774.96,2151073.962,18413278.56,148819418.6,1639977.078,0,3896061.928,7890548.352,25902220.83,23097769.06,5367689.204,347318.1136,89616115.47,3522497.305,982592.686,1280393.963,0,65515386.76,170160960.9,439041.7326,39920830.81,331653.083,443711.0763,-14962787.17,1189827.22,0,40524050.56,0,58709666.76,2511839.992,410247035.2,51444874.16,19109014.57,25573782.33,2950775.969,1676816.479,1072335862,712750.8175,320286.8392,16060240.15,261550713.8,1060973.973,3633219.646,66189801.05,13892372.57,0
11:30 AM,249174.4008,2636128.561,32327349.02,2096139.826,19153312.07,153907796,1638971.773,0,3896061.928,7890548.352,26643549.87,22486517.01,5367689.204,347318.1136,86742358.03,3267727.706,982592.686,1280393.963,0,65621286.86,170192657.3,439041.7326,39920830.81,338022.3427,420116.5684,-15153579.02,1082877.458,0,40524050.56,0,57864773.7,2511839.992,398413662.5,50332305.02,18791636.16,26579054.82,2950775.969,1676816.479,1042721038,712750.8175,320286.8392,16060240.15,256399517.1,1032481.279,3795147.567,64419635.22,13660599.8,0
11:45 AM,249174.4008,2635175.406,31674532.42,2071681.501,19529052.95,158811084,1653514.753,0,3896061.928,7890548.352,27415730.6,21972018.78,5367689.204,347318.1136,85019982.69,3107046.635,982592.686,1280393.963,0,64812394.75,169785683.7,439041.7326,39920830.81,340856.712,413637.9562,-15146488.12,1082877.458,0,40524050.56,0,56770890.14,2511839.992,389664032.7,49068365.26,18401220.06,27091365.64,2950775.969,1676816.479,1022706726,712750.8175,320286.8392,16060240.15,250851990.5,1006446.728,3833678.739,62826289.64,13286370.01,0
12:00 PM,249174.4008,2634789.826,31003274.32,2027865.45,19438373.81,163902219.3,1673605.835,0,3896061.928,7890548.352,28194524.86,21437856.68,5367689.204,347318.1136,82857288.57,2962651.733,982592.686,1280393.963,0,64579458.11,169669372.8,439041.7326,39920830.81,344658.0332,404704.8128,-15079158.32,1082877.458,0,40524050.56,0,55465869.9,2511839.992,379657638.7,47759846.11,18041803.43,26921310.41,2950775.969,1676816.479,999211043.3,712750.8175,320286.8392,16060240.15,244270339.3,988169.0636,3806031.763,61122098.58,12936220.07,0
12:15 PM,249174.4008,2723267.619,30421919.21,1990958.688,18983280.47,168326030.4,1698323.566,0,4210267.39,8005585.077,29017321.2,21552352.36,5445889.762,375328.2558,83273290.49,3116412.049,982592.686,1280393.963,0,63037001.17,170225349.1,370085.6912,33650851.77,346864.1708,421159.7105,-14975631.85,1082877.458,0,41114435.59,0,54079882.36,2482169.816,381787981.5,46543957.28,17599403.01,26162956.33,2915921.024,1522626.667,1005848868,712750.8175,316503.57,13537813.45,237469005.1,974393.7698,3731828.58,61299731.48,12639472.59,0
12:30 PM,258459.6532,2724218.7,29790942.15,1973330.635,18319458.83,172465723.5,1723479.925,0,4210267.39,8005585.077,29663994.86,21126135.25,5445889.762,375328.2558,81086332.64,2948302.256,982592.686,1280393.963,0,63295505.77,170395326,370085.6912,33650851.77,350227.4411,401150.3268,-14812543.29,1157720.679,0,41114435.59,0,52575726.66,2482169.816,372984933,45262770.84,17254891.44,25246183.48,2915921.024,1522626.667,984622969.3,712750.8175,316503.57,13537813.45,231650080.4,964548.8146,3586257.008,59872143.85,12377422.27,0
12:45 PM,258459.6532,2722466.822,29312832.24,1960283.078,17485911.91,176651665.1,1726126.907,0,4210267.39,8005585.077,30347688,20739413.98,5445889.762,375328.2558,79826897.86,2834806.406,982592.686,1280393.963,0,62767721.37,170097496.8,370085.6912,33650851.77,353484.1641,396052.9415,-14588845.13,1157720.679,0,41114435.59,0,51105978.11,2482169.816,366934495.8,44100264.36,16961369.79,24099695.06,2915921.024,1522626.667,970081144.6,712750.8175,316503.57,13537813.45,225570212.8,955160.2115,3423699.642,58743611.16,11995537.69,0
1:00 PM,258459.6532,2722479.5,28838786.7,1977546.226,16527538.64,181015210.2,1717431.581,0,4210267.39,8005585.077,31046085.82,20334809.64,5445889.762,375328.2558,78218569.6,2724502.251,982592.686,1280393.963,0,62771236.76,170099911.8,370085.6912,33650851.77,356480.0907,388987.807,-14306333.67,1157720.679,0,41114435.59,0,49677113.88,2482169.816,359132766.4,42969177.51,16676497.78,22793438.69,2915921.024,1522626.667,952021718.8,712750.8175,316503.57,13537813.45,219278511.5,957377.4569,3233079.011,57432030.86,11759329.34,0
1:15 PM,258459.6532,2872580.384,28511800.56,1987460.11,15615791.14,184791566.4,1684947.352,0,4754032.406,8005585.077,31759806.88,20005326.04,5445889.762,423802.7007,76926078.93,2688826.6,1461246.331,1904116.536,0,62071545,168636744.3,294454.5233,26773922.23,357725.0735,388446.3594,-13982657.04,1157720.679,0,41114435.59,0,48243360.35,2482169.816,353154609.8,41882503.44,16491767.34,21604709.66,2915921.024,1729810.71,937973080,1059955.495,316503.57,10771209.21,214401798.7,937667.2935,3063308.154,55845879.4,11486320.13,0
1:30 PM,257109.3187,2875989.884,28359774.42,1993538.433,14866922.78,188492072.6,1625918.662,0,4754032.406,8005585.077,32384032.28,19655984.04,5445889.762,423802.7007,75371304.14,2586871.122,1461246.331,1904116.536,0,62602913.33,168907837.9,294454.5233,26773922.23,361200.4142,377188.9754,-13608487.61,1057645.182,0,41114435.59,0,46865247.94,2482169.816,346300541.9,41039393.77,16429290.7,20570950.81,2915921.024,1729810.71,922076729.9,1059955.495,316503.57,10771209.21,209553997.8,933823.9226,2888329.841,54762833.78,11260517.61,0
1:45 PM,257109.3187,2876468.127,28390565.37,2017298.3,14314991.84,192066842.7,1571388.214,0,4754032.406,8005585.077,33014884.32,19359709.59,5445889.762,423802.7007,74340818.53,2509038.908,1461246.331,1904116.536,0,62669018.81,168930826.7,294454.5233,26773922.23,364500.5279,372284.2081,-13084111.59,1057645.182,0,41114435.59,0,45610642.33,2482169.816,341368003.9,40195765.51,16405176.55,19844516.16,2915921.024,1729810.71,909963895.3,1059955.495,316503.57,10771209.21,205794519.3,939843.2538,2793486.683,53945331.89,11123231.26,0
2:00 PM,257109.3187,2879965.83,28513576.02,2040827.788,14211798.66,195712747.2,1528697.894,0,4754032.406,8005585.077,33642183.78,19078058.35,5445889.762,423802.7007,73225397.78,2434951.959,1461246.331,1904116.536,0,63222100.51,169204615.4,294454.5233,26773922.23,367451.7954,367172.5302,-12515196.66,1057645.182,0,41114435.59,0,44638213.49,2482169.816,336094423.3,39781776.79,16453964.04,19712023.02,2915921.024,1729810.71,897419068.9,1059955.495,316503.57,10771209.21,203427372.6,941851.0442,2763469.771,53126552.87,10842735.59,0
2:15 PM,257109.3187,2964303.482,28717068.45,2075348.941,14491651.49,200500395.1,1494764.935,0,5043396.505,7872494.271,34562145.25,18899780.9,5355326,449598.3361,72881759.36,2361442.771,3311866.997,4315617.826,0,64382901.5,170917550.4,242000.7184,22004445.18,369958.3456,368857.194,-11922051.42,1057645.182,0,40430712.98,0,43840209.81,2530067.446,333000123.6,39417686.34,16599013.74,20117946.96,2972188.612,2129741.103,891486491.1,2402354.448,322611.0373,8852437.853,201466344.5,952842.0126,2806355.423,52571350.16,10793880.25,0
2:30 PM,300224.6729,2974748.354,28961134.45,2096887.009,15036292.76,203380925.2,1468502.417,0,5043396.505,7872494.271,35108813.78,18648913.71,5355326,449598.3361,71631892.57,2285963.292,3311866.997,4315617.826,0,65780021.64,171666158.2,242000.7184,22004445.18,372220.1343,360803.7284,-11296439.85,1692692.877,0,40430712.98,0,43244917.38,2530067.446,328261816.2,39229945.96,16735955.38,20873609.37,2972188.612,2129741.103,879599067.1,2402354.448,322611.0373,8852437.853,200486835.6,962104.6114,2932695.117,51847264.9,10762136.34,0
2:45 PM,300224.6729,2982240.771,29301070.7,2106300.278,16084525.76,206043281.4,1458544.49,0,5043396.505,7872494.271,35621235.82,18481856.62,5355326,449598.3361,71115888.34,2246042.312,3311866.997,4315617.826,0,66800895.72,172211615.6,242000.7184,22004445.18,374622.161,357653.1498,-10515921.34,1692692.877,0,40430712.98,0,42862528.48,2530067.446,325935985.3,39279992.94,16822714.61,22245565.49,2972188.612,2129741.103,872943975.7,2402354.448,322611.0373,8852437.853,200434318.6,971202.0879,3102373.491,51431380.71,10735477.13,0
3:00 PM,300224.6729,2993097.855,29649609.65,2108865.187,17622828.56,208407197.7,1477806.735,0,5043396.505,7872494.271,36067922.36,18338171.93,5355326,449598.3361,70493571.94,2227587.101,3311866.997,4315617.826,0,68203519.19,172988432.8,242000.7184,22004445.18,376358.1421,354636.1666,-9718859.362,1692692.877,0,40430712.98,0,42752759.12,2530067.446,323423644.3,39544007.4,16965399.39,24363467.78,2972188.612,2129741.103,866168536.8,2402354.448,322611.0373,8852437.853,201958639.2,982452.6835,3388260.866,51025265.03,10762360.94,0
3:15 PM,300224.6729,3244945.825,29720919.73,2107597.398,19631245.89,212053147.2,1518205.927,0,5771636.07,8214248.327,36845256.93,18615129.4,5587917.009,514517.9387,72671411.36,2303623.024,7325585.914,9545802.768,0,73340083.76,177903736.1,168421.5957,15314102.34,376928.9005,363472.5624,-8918476.037,1692692.877,0,42186688.31,0,42833846.71,3134509.188,328703206,39908773.31,17118930.92,27174082.76,3682254.608,3502970.839,878113400.9,5313816.623,399683.9143,6160897.862,203964735.9,969119.0046,3800917.334,51623875.76,10945028.94,0
3:30 PM,473276.3501,3271710.705,29754567.45,2097752.743,22124127.92,213040423.6,1584555.846,0,5771636.07,8214248.327,37106705.98,18572412.74,5587917.009,514517.9387,72198369.51,2281866.849,7325585.914,9545802.768,0,75585932.84,179258428.1,168421.5957,15314102.34,378379.4629,358224.2866,-8110651.315,2943930.803,0,42186688.31,0,43193173.64,3134509.188,327866985.2,40538562.15,17146398.09,30520379.53,3682254.608,3502970.839,874435653.4,5313816.623,399683.9143,6160897.862,206343319.3,979499.9406,4312712.059,51443723.36,11061367.6,0
3:45 PM,473276.3501,3293026.345,29807128.69,2067718.712,24957339.02,213593078.3,1685567.816,0,5771636.07,8214248.327,37272429.72,18605808.35,5587917.009,514517.9387,72420869.13,2290528.731,7325585.914,9545802.768,0,77340654.98,180348644.4,168421.5957,15314102.34,379397.1246,358704.8314,-7179309.414,2943930.803,0,42186688.31,0,43644990.73,3134509.188,329227314.3,41309231.14,17086497.47,34448882.8,3682254.608,3502970.839,876357768.5,5313816.623,399683.9143,6160897.862,209439291.8,996766.8654,4831520.097,51558147.63,11233682.32,0
4:00 PM,473276.3501,3317933.337,29710774.78,1986448.747,28181418.54,213756053,1829410.186,0,5771636.07,8214248.327,37353905.06,18665075.55,5587917.009,514517.9387,72548239.71,2313451.75,7325585.914,9545802.768,0,79408889.48,181629228.7,168421.5957,15314102.34,379562.3975,359508.9113,-6280367.932,2943930.803,0,42186688.31,0,44364511.15,3134509.188,330722084.7,42152962.11,17020830.12,38880540.03,3682254.608,3502970.839,878232869.6,5313816.623,399683.9143,6160897.862,214521183.2,994316.5992,5463461.355,51705632.6,11549515.5,0
4:15 PM,473276.3501,4004886.628,29370772.59,1918352.242,31486369.98,215285987.4,2021548.633,0,7552442.482,8919166.638,37836224.87,18931908.02,6067472.897,673269.6052,74520321.56,2451835.208,8651872.716,11274056.64,0,92447168.2,190705409.2,103412.5934,9403016.472,380594.6292,369090.0533,-5404406.316,2943930.803,0,45807156.32,0,45489495.32,4065322.869,336844632.3,43191310.68,16902844.27,43502983.89,4775724.992,5468890.945,889307661.7,6275875.486,518372.7531,3782854.704,219785983.4,980925.1668,6104525.816,52526432.04,11811848.84,0
4:30 PM,779859.4911,4065404.823,28875895.34,1859703.069,34471160.92,213921443.1,2324519.904,0,7552442.482,8919166.638,37681700.28,19117690.4,6067472.897,673269.6052,75024790.22,2490822.912,8651872.716,11274056.64,0,95619396.97,192696688.6,103412.5934,9403016.472,380543.9625,367827.0474,-4537244.128,2863570.009,0,45807156.32,0,46794493.78,4065322.869,340732142.2,44395167.76,16737227.81,47472892.2,4775724.992,5468890.945,896172830.4,6275875.486,518372.7531,3782854.704,225801026.5,964397.5834,6669766.412,53044895.68,12218835.71,0
4:45 PM,779859.4911,4110918.414,28203166.73,1826233.405,36857904.47,212048727.6,2725232.367,0,7552442.482,8919166.638,37444682.94,19371268.88,6067472.897,673269.6052,76038891.77,2557634.626,8651872.716,11274056.64,0,97980425.49,194214471.8,103412.5934,9403016.472,380538.017,372941.249,-3734903.19,2863570.009,0,45807156.32,0,48192038.65,4065322.869,346383390.4,45430035.98,16321504.7,50779365.23,4775724.992,5468890.945,907638554.2,6275875.486,518372.7531,3782854.704,231509863.8,950472.8697,7160290.857,53821195.85,12352152.46,0
5:00 PM,779859.4911,4155287.954,27577806.82,1803018.024,38580886.27,209570984.5,3208958.462,0,7552442.482,8919166.638,37072838.62,19636845.8,6067472.897,673269.6052,76934328.63,2637818.114,8651872.716,11274056.64,0,100365327.1,195744900.6,103412.5934,9403016.472,379284.3159,377139.1043,-3045870.182,2863570.009,0,45807156.32,0,49549972.27,4065322.869,351716471.9,46489012.04,15955519.32,52981952.83,4775724.992,5468890.945,918763708.2,6275875.486,518372.7531,3782854.704,236784600.3,927813.5903,7496079.056,54573439.35,12591610.59,0
5:15 PM,779859.4911,4954221.946,27040662.1,1787576.399,39396058.69,207596976,3777275.923,0,9408236.171,9415421.7,36966331.37,19433953.09,6405001.54,838706.0832,76126645.37,2670173.717,5977863.724,7789616.934,0,124984148.6,202984122.8,61361.94638,5579469.326,381750.5075,375834.5803,-2457411.571,2863570.009,0,48355371.62,0,50846088.46,4852443.658,348841971.8,47788172.78,15639316.97,54202142.01,5700392.614,5097926.784,909270304,4336209.008,618739.1898,2244633.076,242452190.4,889450.8803,7655054.34,53961242.01,13017377.9,0
5:30 PM,897407.6075,5033056.677,26506166.1,1789354.883,39378586.62,202987716.7,4394259.86,0,9408236.171,9415421.7,36251114.44,19674867.2,6405001.54,838706.0832,76880285.31,2683565.392,5977863.724,7789616.934,0,128711729.2,205059470.1,61361.94638,5579469.326,381098.7658,374406.3206,-1953244.952,1775274.867,0,48355371.62,0,52177114.85,4852443.658,353767742.1,48962069.38,15437487.87,54260397.32,5700392.614,5097926.784,919673307.3,4336209.008,618739.1898,2244633.076,247882533.2,861277.0566,7696306.029,54560258.72,13292078.07,0
5:45 PM,897407.6075,5086819.021,26099799.27,1812822.908,38331421.63,198258150.6,4971050.485,0,9408236.171,9415421.7,35525944.63,19977348.86,6405001.54,838706.0832,77864602.1,2734110.64,5977863.724,7789616.934,0,131228256.7,206521112.9,61361.94638,5579469.326,381342.093,377643.9098,-1500482.36,1775274.867,0,48355371.62,0,53503870.59,4852443.658,360021623.6,49726143.39,15326586.9,52993939.92,5700392.614,5097926.784,932389211.2,4336209.008,618739.1898,2244633.076,252577806.2,868146.1361,7527349.252,55439915.38,13550022.19,0
6:00 PM,897407.6075,5138959.79,25900553.73,1866755.3,36416477.04,193121239.4,5461927.729,0,9408236.171,9415421.7,34698202.89,20327702.09,6405001.54,838706.0832,79009379.81,2819016.206,5977863.724,7789616.934,0,133601119.6,207896755.3,61361.94638,5579469.326,379519.504,381951.584,-1104725.432,1775274.867,0,48355371.62,0,54555764.96,4852443.658,366846578,50415017.7,15230581.95,50427201.97,5700392.614,5097926.784,946978279.7,4336209.008,618739.1898,2244633.076,255463881.9,884353.8223,7139211.557,56384211.92,13660769.74,0
6:15 PM,897407.6075,5633909.152,25981918,1943440.807,34042285.41,189151270.8,5852952.371,0,10435961.66,9264276.814,34186923.54,20158003.52,6302074.573,930323.6404,78136642.98,2815445.644,4437535.495,5782450.593,0,163564054.1,204512948.9,36151.55708,3287159.48,381400.8311,382859.6318,-792228.9073,1775274.867,0,47578311.43,0,55346839.89,5598451.549,364342399.4,50794226.91,15197659.14,47077306.78,6576762.989,3348835.534,938608177.9,3218889.268,713863.2862,1322431.662,257573560.8,895364.7545,6681276.257,56170867.49,13840105.58,0
6:30 PM,884200.3009,5704113.657,26226535.45,2016692.957,31399261.22,182786210.3,6088476.205,0,10435961.66,9264276.814,33127157.28,20447895.07,6302074.573,930323.6404,78948902.99,2824870.881,4437535.495,5782450.593,0,166909780.6,205981992.4,36151.55708,3287159.48,379362.7901,382564.1888,-551320.3846,981180.1078,0,47578311.43,0,56073571.22,5598451.549,370033044.7,51398412.44,15371621.01,43416090.98,6576762.989,3348835.534,951681364.2,3218889.268,713863.2862,1322431.662,260643253.3,904941.236,6170245.87,56881476,14024557.43,0
6:45 PM,884200.3009,5750746.147,26637382.34,2074037.652,28674054.93,176572636.4,6169112.982,0,10435961.66,9264276.814,32115279.61,20772224.87,6302074.573,930323.6404,80014405.99,2890940.379,4437535.495,5782450.593,0,169100474,206966632.5,36151.55708,3287159.48,378643.7373,386076.2231,-379551.1633,981180.1078,0,47578311.43,0,56771991.26,5598451.549,376643964.4,52093502.03,15750816.74,39719166.66,6576762.989,3348835.534,965544641.3,3218889.268,713863.2862,1322431.662,264242061.7,924445.7353,5641891.758,57841106.71,14029160.55,0
7:00 PM,884200.3009,5806675.785,27390236.99,2129166.55,25834384.85,169908799.7,6099615.148,0,10435961.66,9264276.814,31010175.21,21128694.59,6302074.573,930323.6404,81169295.22,2971126.9,4437535.495,5782450.593,0,171769135.8,208092834.1,36151.55708,3287159.48,376462.6497,390431.898,-234171.4454,981180.1078,0,47578311.43,0,57516232.61,5598451.549,383379034.4,52489091.88,16108084.99,35850687.76,6576762.989,3348835.534,980542317.7,3218889.268,713863.2862,1322431.662,266303612,939892.5441,5087530.043,58743593.98,14238600.33,0
7:15 PM,884200.3009,6126052.846,28211196.31,2146932.18,23183833.11,165345859.7,5914346.823,0,11074494.4,9016149.282,30299747.32,21076652.87,6133310.252,987246.2439,81740110.17,2968595.593,3802643.059,4955136.84,0,190949440,198754826.7,20168.31145,1833847.876,376061.1419,395364.0499,-111632.4541,981180.1078,0,46304203.78,0,58113560.77,6134641.464,382572154.7,52881692.81,16559493.53,32185590.16,7206650.371,2071940.364,975390335.9,2758352.456,782233.3152,737761.1308,268184551.9,969048.3537,4561641.232,59020014.59,14368799.91,0
7:30 PM,967439.7505,6182544.166,29057325.57,2158282.728,20813265.79,158411738.2,5646262.042,0,11074494.4,9016149.282,29090252.43,21359488.61,6133310.252,987246.2439,82371965.7,3001313.214,3802643.059,4955136.84,0,193878120.7,199684083.2,20168.31145,1833847.876,374314.5386,392967.418,-27990.23592,646004.7462,0,46304203.78,0,58763440.1,6134641.464,387780246.3,53496608.51,16960736.9,28840738.75,7206650.371,2071940.364,987134410.2,2758352.456,782233.3152,737761.1308,271342604.3,993667.8893,4092026.759,59819944.56,14498758.33,0
7:45 PM,967439.7505,6194819.914,29742513.56,2187945.091,18628438.27,152323587.9,5310545.281,0,11074494.4,9016149.282,28031889.88,21633264.29,6133310.252,987246.2439,83242503.32,3048745.52,3802643.059,4955136.84,0,194646442,200013008.1,20168.31145,1833847.876,373950.3579,395091.7082,-6267.143986,646004.7462,0,46304203.78,0,59284211.99,6134641.464,393509723.5,54111384.96,17309987.88,25814175.19,7206650.371,2071940.364,997877440.4,2758352.456,782233.3152,737761.1308,275352123.6,1018657.375,3669639.087,60637749.99,14615770.13,0
8:00 PM,967439.7505,6229137.136,30186500.03,2186661.937,16671616.84,146494259.6,4940856.345,0,11074494.4,9016149.282,27017656.51,21914527.76,6133310.252,987246.2439,84010063.08,3119543.99,3802643.059,4955136.84,0,196597233.5,200644654.6,20168.31145,1833847.876,372224.4446,397673.8007,0,646004.7462,0,46304203.78,0,60057538.15,6134641.464,398884727,55157857.02,17614704.27,23091809.36,7206650.371,2071940.364,1009200793,2758352.456,782233.3152,737761.1308,278945284.1,1029441.601,3284245.745,61383247.59,14826704.35,0
8:15 PM,967439.7505,6148116.142,30511988.83,2177344.31,14943507.79,143152633.3,4566909.438,0,11144420.77,8825540.114,26496501.47,21962248.51,6003646.21,993479.8958,84780724.45,3246751.664,3196521.869,4165314.238,0,188299947.7,191468604.4,12336.18971,1121695.059,368622.2741,404008.202,0,646004.7462,0,45325288.65,0,60938973.31,6522480.498,399712392.8,55741637.83,17802968.37,20695223.08,7662263.031,1093798.175,1009961989,2318685.664,831686.998,451260.4485,282936594.8,1031715.195,2954017.775,61733876.57,15012192.65,0
8:30 PM,1013712.544,6158810.745,30769087.32,2134686.326,13436256.35,137592980,4197928.255,0,11144420.77,8825540.114,25517657.83,22284146.57,6003646.21,993479.8958,85592175.91,3292381.897,3196521.869,4165314.238,0,188967874.3,191697646.3,12336.18971,1121695.059,367098.7937,403460.9968,0,439264.6296,0,45325288.65,0,61695491.38,6522480.498,405442818.6,56225982.93,17814442.54,18623823.9,7662263.031,1093798.175,1024018606,2318685.664,831686.998,451260.4485,286059111.6,1020505.715,2659622.112,62661212.75,15204737.25,0
8:45 PM,1013712.544,6040102.875,30785232.25,2047858.783,12025112.7,132448827,3836510.987,0,11144420.77,8825540.114,24616998.69,22598297.87,6003646.21,993479.8958,86754559.59,3376937.5,3196521.869,4165314.238,0,182818539.1,190408162.6,12336.18971,1121695.059,365797.5051,406781.9802,0,439264.6296,0,45325288.65,0,62492187.6,6522480.498,411434871.6,56789638.97,17823766.41,16700251.25,7662263.031,1093798.175,1037281199,2318685.664,831686.998,451260.4485,288762555.8,1028383.771,2392151.411,63545158.72,15336182.16,0
9:00 PM,1013712.544,6003941.603,30438835.42,1930106.376,10707948.17,127424775.4,3469616.174,0,11144420.77,8825540.114,23730268.08,22928499.61,6003646.21,993479.8958,87749443.89,3486354.699,3196521.869,4165314.238,0,181061243.9,190042650.6,12336.18971,1121695.059,363922.1623,410573.8138,0,439264.6296,0,45325288.65,0,63264764.67,6522480.498,417293888.7,57052616.81,17732634.57,14911731.59,7662263.031,1093798.175,1051292320,2318685.664,831686.998,451260.4485,291284665.8,1021342.43,2131206.31,64388619.5,15358512.21,0
9:15 PM,1013712.544,5222876.291,29630124.23,1778170.922,9506292.48,123420910.4,3110967.954,0,10067012.56,8501840.139,23094629.46,23024707.62,5783418.405,897433.3251,88392494.87,3550690.792,2108521.325,2747565.715,0,120790650.9,175793762.1,10941.16777,994849.6347,358859.6182,417907.8353,0,439264.6296,0,43662650.9,0,63757689.48,6143957.445,418909362.6,57198395.98,17280830.54,13257089.36,7217594.289,587852.0657,1056807969,1529474.338,783421.2037,400230.2486,291553257.3,1011921.545,1864810.192,65402228.53,15436143.95,0
9:30 PM,984606.3432,5155454.871,28634628.98,1590921.783,8457337.963,117936858.5,2763489.164,0,10067012.56,8501840.139,22078404.58,23368706.66,5783418.405,897433.3251,89425851.23,3577383.954,2108521.325,2747565.715,0,117845442.8,175212489,10941.16777,994849.6347,356854.5538,417828.8409,0,301090.9937,0,43662650.9,0,63901196.91,6143957.445,424819694.9,56636873.24,16584291.13,11754698.32,7217594.289,587852.0657,1071040129,1529474.338,783421.2037,400230.2486,289119128.2,953071.299,1661095.626,66457923.04,15340170.8,0
9:45 PM,984606.3432,4898301.368,27165412.61,1404041.173,7454741.869,113128806.4,2435853.832,0,10067012.56,8501840.139,21190340.84,23706933.02,5783418.405,897433.3251,90661866.89,3626510.199,2108521.325,2747565.715,0,106932771.3,172577689.3,10941.16777,994849.6347,354809.4351,421301.7695,0,301090.9937,0,43662650.9,0,63557487.88,6143957.445,431199132.5,55817665.79,15643053.08,10382155.68,7217594.289,587852.0657,1085487253,1529474.338,783421.2037,400230.2486,284904225.3,894140.2677,1468364.108,67389526.72,14991502.18,0
10:00 PM,984606.3432,4804192.775,25294945.22,1223961.019,6497667.871,108261371.3,2097995.02,0,10067012.56,8501840.139,20295419.68,24062104.29,5783418.405,897433.3251,91929569.11,3714209.335,2108521.325,2747565.715,0,103002323.9,171588962.6,10941.16777,994849.6347,351994.6939,425760.8008,0,301090.9937,0,43662650.9,0,62594690.21,6143957.445,437156579.2,54034547.2,14573674.7,9044170.298,7217594.289,587852.0657,1100350579,1529474.338,783421.2037,400230.2486,276180338.8,830866.4054,1293119.879,68324945.75,14452877.84,0
10:15 PM,984606.3432,3964454.018,23090610.87,1053695.297,5615348.746,103275396.2,1803895.618,0,8565448.424,8459381.164,19438969.83,24029368.72,5433526.558,763574.9748,91996470.17,3881410.03,1684444.605,2194961.08,0,60014249.69,158457381,10941.16777,994849.6347,345672.7762,429128.95,0,301090.9937,0,41021098.02,0,60997014.09,5338609.201,436554720.8,51466312.55,13273096.88,7840506.423,6271514.025,356567.3474,1099491182,1221858.544,680730.5689,400230.2486,264917080.1,752851.1003,1114174.882,68601463.95,13916430.83,0
10:30 PM,1007049.865,3877485.149,20755809.07,891906.5854,4849909.415,98263377.19,1542822.19,0,8565448.424,8459381.164,18498126.56,24421703.71,5433526.558,763574.9748,93329791.17,3947035.253,1684444.605,2194961.08,0,57522483.23,157636162.4,10941.16777,994849.6347,341766.148,431415.5988,0,187464.9315,0,41021098.02,0,58745125.44,5338609.201,443871597.3,49119439.41,12021924.55,6736785.115,6271514.025,356567.3474,1116257571,1221858.544,680730.5689,400230.2486,252473878.2,659343.755,943915.5863,69795213.68,13304898.74,0
10:45 PM,1007049.865,3653133.131,18402135.2,737837.9071,4151165.919,94152134.3,1316007.948,0,8565448.424,8459381.164,17733788.51,24779019.41,5433526.558,763574.9748,94844358.63,4027638.334,1684444.605,2194961.08,0,50869142.36,155392132.2,10941.16777,994849.6347,339598.1732,436351.7747,0,187464.9315,0,41021098.02,0,56013615.47,5338609.201,450306150.9,46202358.5,10690364.61,5787444.449,6271514.025,356567.3474,1131466427,1221858.544,680730.5689,400230.2486,237432697.7,581888.3413,797154.3625,70697539.24,12382084.57,0
11:00 PM,1007049.865,3574869.056,16050093.48,609942.574,3543982.413,90067170.6,1108812.303,0,8565448.424,8459381.164,16981663.7,25161014.78,5433526.558,763574.9748,96314805.65,4125573.355,1684444.605,2194961.08,0,48526416.08,154599207.2,10941.16777,994849.6347,336101.3164,442374.0317,0,187464.9315,0,41021098.02,0,52740000.34,5338609.201,457145186,42644562.64,9397566.809,4935091.037,6271514.025,356567.3474,1147806939,1221858.544,680730.5689,400230.2486,220054672,508061.3597,682723.9851,71728262.49,11541027.33,0
11:15 PM,1007049.865,3105134.849,13784062.28,506959.7095,3057479.376,87063664.98,915414.696,0,7033876.946,7882530.385,16493921.4,24936291.17,5223404.616,627041.5916,95324462.24,4098129.116,1684416.918,2194925.002,0,26940232.65,149311507.4,10939.99783,994743.2559,329404.8297,435935.1977,0,187464.9315,0,39434755.76,0,49476104.12,4035692.25,452181042.9,39447530.92,8109911.242,4244631.131,4740916.518,197597.1182,1137731397,1221838.461,514594.5278,400187.4522,203493905.9,442518.8443,587803.4889,70523965.85,10694176.64,0
11:30 PM,1002970.711,3060565.407,11789155.96,427980.4999,2610225.295,83088395.96,754795.4145,0,7033876.946,7882530.385,15782108.76,25341256.45,5223404.616,627041.5916,97040337.09,4167575.996,1684416.918,2194925.002,0,26171985.14,148846595.5,10939.99783,994743.2559,326624.3697,443410.9684,0,151277.4199,0,39434755.76,0,45813856.43,4035692.25,460073321.4,36008200.4,6895653.607,3609005.928,4740916.518,197597.1182,1156905463,1221838.461,514594.5278,400187.4522,186593499.9,385067.9073,505641.3975,71848163.03,9765547.229,0
11:45 PM,1002970.711,2964310.238,10029296.7,359125.4184,2263035.965,79863215.12,611491.9432,0,7033876.946,7882530.385,15192022.09,25704172.87,5223404.616,627041.5916,98419957.19,4256650.25,1684416.918,2194925.002,0,24505278.7,147809533,10939.99783,994743.2559,324307.9866,448482.7636,0,151277.4199,0,39434755.76,0,41276396.32,4035692.25,466145848.7,32890676.97,5811949.637,3139071.774,4740916.518,197597.1182,1171475422,1221838.461,514594.5278,400187.4522,170608711.9,328841.5063,439894.7427,72777299.52,8920753.987,0
12:00 AM,1002970.711,2931513.071,8502162.315,294022.4156,1962484.236,76652116.83,504455.4011,0,7033876.946,7882530.385,14617275.14,26110137.86,5223404.616,627041.5916,100064595.2,4392239.675,1684416.918,2194925.002,0,23932036.31,147457383.5,10939.99783,994743.2559,321353.3388,455177.1224,0,151277.4199,0,39434755.76,0,37054009.79,4035692.25,473558362.5,30058299.96,4910752.586,2730128.529,4740916.518,197597.1182,1189208841,1221838.461,514594.5278,400187.4522,156105725.4,278303.7519,378897.6326,73934441.63,8242742.015,0